{
  "obj_000001": {"diameter": 102.09865663175985, "min_x": -37.9343, "min_y": -38.7996, "min_z": -45.8845, "size_x": 75.8686, "size_y": 77.5992, "size_z": 91.769},
  "obj_000002": {"diameter": 247.50624232956227, "min_x": -107.835, "min_y": -60.9279, "min_z": -109.705, "size_x": 215.67, "size_y": 121.8557, "size_z": 219.41},
  "obj_000003": {"diameter": 167.35486091658646, "min_x": -83.2162, "min_y": -82.6591, "min_z": -37.2364, "size_x": 166.4324, "size_y": 165.3182, "size_z": 74.4728},
  "obj_000004": {"diameter": 172.49224864755516, "min_x": -68.3297, "min_y": -71.5151, "min_z": -50.2485, "size_x": 136.6594, "size_y": 143.0302, "size_z": 100.497},
  "obj_000005": {"diameter": 201.40358597395928, "min_x": -50.3958, "min_y": -90.8979, "min_z": -96.867, "size_x": 100.7916, "size_y": 181.7958, "size_z": 193.734},
  "obj_000006": {"diameter": 154.545518077523, "min_x": -33.5054, "min_y": -63.8165, "min_z": -58.7283, "size_x": 67.0107, "size_y": 127.633, "size_z": 117.4566},
  "obj_000007": {"diameter": 124.26430815584175, "min_x": -58.7899, "min_y": -45.7556, "min_z": -47.3112, "size_x": 117.5798, "size_y": 91.5112, "size_z": 94.6224},
  "obj_000008": {"diameter": 261.4717810176846, "min_x": -114.738, "min_y": -37.7357, "min_z": -104.001, "size_x": 229.476, "size_y": 75.4714, "size_z": 208.002},
  "obj_000009": {"diameter": 108.99920102331026, "min_x": -52.2146, "min_y": -38.7038, "min_z": -42.8485, "size_x": 104.4292, "size_y": 77.4076, "size_z": 85.697},
  "obj_000010": {"diameter": 164.62758848021193, "min_x": -75.0923, "min_y": -53.5375, "min_z": -34.6207, "size_x": 150.1846, "size_y": 107.075, "size_z": 69.2414},
  "obj_000011": {"diameter": 175.8893342218055, "min_x": -18.3605, "min_y": -38.933, "min_z": -86.4079, "size_x": 36.7211, "size_y": 77.866, "size_z": 172.8158},
  "obj_000012": {"diameter": 145.54287470656197, "min_x": -50.4439, "min_y": -54.2485, "min_z": -45.4, "size_x": 100.8878, "size_y": 108.497, "size_z": 90.8},
  "obj_000013": {"diameter": 278.0781173303286, "min_x": -129.113, "min_y": -59.241, "min_z": -70.5662, "size_x": 258.226, "size_y": 118.4821, "size_z": 141.1324},
  "obj_000014": {"diameter": 282.6012939879964, "min_x": -101.573, "min_y": -58.8763, "min_z": -106.558, "size_x": 203.146, "size_y": 117.7525, "size_z": 213.116},
  "obj_000015": {"diameter": 212.35825148190028, "min_x": -46.9591, "min_y": -73.7167, "min_z": -92.3737, "size_x": 93.91810000000001, "size_y": 147.4334, "size_z": 184.7474},
  "obj_000016": {"diameter": 200.30267632285398, "min_x": -98.16960907, "min_y": -85.56149292, "min_z": -32.21377182, "size_x": 194.97816467, "size_y": 179.82487488, "size_z": 61.33005333}
}
